[{"id":"user-image-919836.png","publicUrl":"np://user.desktop.nicepage.com/Site_2209527217/images/919836.png","size":7687,"hash":"kBg3aQ3Ks2lLMRmuO56sEwXCUus=","fileName":"919836.png","name":"919836","width":128,"height":128,"thumbnail":{"url":"np://user.desktop.nicepage.com/Site_2209527217/images/thumbnails/919836.png","width":128,"height":128,"length":7687,"type":"png"},"folderId":null,"usages":["1212511515"]},{"id":"user-image-Screenshot2024-08-30130747.png","publicUrl":"np://user.desktop.nicepage.com/Site_2209527217/images/Screenshot2024-08-30130747.png","size":172200,"hash":"MmU/fsxxlQbS0TQ0FaDoaPJbSGE=","fileName":"Screenshot2024-08-30130747.png","name":"Screenshot2024-08-30130747","width":407,"height":778,"thumbnail":{"url":"np://user.desktop.nicepage.com/Site_2209527217/images/thumbnails/Screenshot2024-08-30130747.png","width":131,"height":250},"folderId":null,"usages":["1212511515","636414305"]},{"id":"user-image-3767233.png","publicUrl":"np://user.desktop.nicepage.com/Site_2209527217/images/3767233.png","size":8175,"hash":"gSei25FHH4MRdEyS08txmRIbBRo=","fileName":"3767233.png","name":"3767233","width":128,"height":128,"thumbnail":{"url":"np://user.desktop.nicepage.com/Site_2209527217/images/thumbnails/3767233.png","width":128,"height":128,"length":8175,"type":"png"},"folderId":null,"usages":["98309586"]},{"id":"user-image-Screenshot2024-08-281303461.png","publicUrl":"np://user.desktop.nicepage.com/Site_2209527217/images/Screenshot2024-08-281303461.png","size":1135016,"hash":"sNyP4M+SfPd96K8NojDnvOOIXQk=","fileName":"Screenshot2024-08-281303461.png","name":"Screenshot2024-08-281303461","width":1895,"height":908,"thumbnail":{"url":"np://user.desktop.nicepage.com/Site_2209527217/images/thumbnails/Screenshot2024-08-281303461.png","width":250,"height":120},"folderId":null,"usages":["1212511515","636414305"]},{"id":"user-image-Screenshot2024-08-281308141.png","publicUrl":"np://user.desktop.nicepage.com/Site_2209527217/images/Screenshot2024-08-281308141.png","size":2357870,"hash":"fmaLxjv9SxOp/SACt5sh2413BOM=","fileName":"Screenshot2024-08-281308141.png","name":"Screenshot2024-08-281308141","width":1736,"height":849,"thumbnail":{"url":"np://user.desktop.nicepage.com/Site_2209527217/images/thumbnails/Screenshot2024-08-281308141.png","width":250,"height":122},"folderId":null,"usages":["1212511515","636414305"]},{"id":"user-image-Screenshot2024-08-281258541.png","publicUrl":"np://user.desktop.nicepage.com/Site_2209527217/images/Screenshot2024-08-281258541.png","size":890582,"hash":"poZDltt5X2FKy7+hMqWu51F1xr4=","fileName":"Screenshot2024-08-281258541.png","name":"Screenshot2024-08-281258541","width":1895,"height":912,"thumbnail":{"url":"np://user.desktop.nicepage.com/Site_2209527217/images/thumbnails/Screenshot2024-08-281258541.png","width":250,"height":120},"folderId":null,"usages":["1212511515","636414305"]},{"id":"user-image-htmlcss.jpg","publicUrl":"np://user.desktop.nicepage.com/Site_2209527217/images/htmlcss.jpg","size":10078,"hash":"yWxgdEp5eN2rPkpxT35HXnEr8qk=","fileName":"htmlcss.jpg","name":"htmlcss","width":220,"height":230,"thumbnail":{"url":"np://user.desktop.nicepage.com/Site_2209527217/images/thumbnails/htmlcss.jpg","height":230,"width":220,"length":10078,"type":"jpg"},"folderId":null,"usages":["1212511515","85634304"]},{"id":"user-image-canvalogo.jpg","publicUrl":"np://user.desktop.nicepage.com/Site_2209527217/images/canvalogo.jpg","size":7067,"hash":"sDy+FhibV9PWPTkPMLQMr+u5/AE=","fileName":"canvalogo.jpg","name":"canvalogo","width":225,"height":224,"thumbnail":{"url":"np://user.desktop.nicepage.com/Site_2209527217/images/thumbnails/canvalogo.jpg","height":224,"width":225,"length":7067,"type":"jpg"},"folderId":null,"usages":["1212511515"]},{"id":"user-image-13191289.png","publicUrl":"np://user.desktop.nicepage.com/Site_2209527217/images/13191289.png","size":4175,"hash":"H8GZ2w1u5dhgnjn9SmJbwJiRBCY=","fileName":"13191289.png","name":"13191289","width":128,"height":128,"thumbnail":{"url":"np://user.desktop.nicepage.com/Site_2209527217/images/thumbnails/13191289.png","width":128,"height":128,"length":4175,"type":"png"},"folderId":null,"usages":["1212511515"]},{"id":"user-image-portfolio-02-free-img.jpg","publicUrl":"np://user.desktop.nicepage.com/Site_2209527217/images/portfolio-02-free-img.jpg","size":51334,"hash":"SWewIhx01MWY4ne8l0PoOx5aZ6E=","fileName":"portfolio-02-free-img.jpg","name":"portfolio-02-free-img","width":370,"height":389,"thumbnail":{"url":"np://user.desktop.nicepage.com/Site_2209527217/images/thumbnails/portfolio-02-free-img.jpg","width":238,"height":250},"folderId":null,"usages":["636414305"]},{"id":"user-image-4213204.png","publicUrl":"np://user.desktop.nicepage.com/Site_2209527217/images/4213204.png","size":7123,"hash":"y+Fp9m2BmaLfj6LepMrCLEIbTBI=","fileName":"4213204.png","name":"4213204","width":128,"height":128,"thumbnail":{"url":"np://user.desktop.nicepage.com/Site_2209527217/images/thumbnails/4213204.png","width":128,"height":128,"length":7123,"type":"png"},"folderId":null,"usages":["1212511515"]},{"id":"user-image-552486.png","publicUrl":"np://user.desktop.nicepage.com/Site_2209527217/images/552486.png","size":5618,"hash":"hayG9vFnUYsbSSomVDWNp0zq2hU=","fileName":"552486.png","name":"552486","width":128,"height":128,"thumbnail":{"url":"np://user.desktop.nicepage.com/Site_2209527217/images/thumbnails/552486.png","width":128,"height":128,"length":5618,"type":"png"},"folderId":null,"usages":["1212511515"]},{"id":"user-image-919854.png","publicUrl":"np://user.desktop.nicepage.com/Site_2209527217/images/919854.png","size":7939,"hash":"D5C9DcB23wJfjuqpqcJA+G5jFtY=","fileName":"919854.png","name":"919854","width":128,"height":128,"thumbnail":{"url":"np://user.desktop.nicepage.com/Site_2209527217/images/thumbnails/919854.png","width":128,"height":128,"length":7939,"type":"png"},"folderId":null,"usages":["85634304","1212511515"]},{"id":"user-image-10398394.png","publicUrl":"np://user.desktop.nicepage.com/Site_2209527217/images/10398394.png","size":6937,"hash":"AzFqX2do6pu/rdqhtZQ34z6o7Tc=","fileName":"10398394.png","name":"10398394","width":128,"height":128,"thumbnail":{"url":"np://user.desktop.nicepage.com/Site_2209527217/images/thumbnails/10398394.png","width":128,"height":128,"length":6937,"type":"png"},"folderId":null,"usages":["85634304"]},{"id":"user-image-919830.png","publicUrl":"np://user.desktop.nicepage.com/Site_2209527217/images/919830.png","size":4872,"hash":"pfA/xv50GlDxVCkhoumy2nT19A4=","fileName":"919830.png","name":"919830","width":128,"height":128,"thumbnail":{"url":"np://user.desktop.nicepage.com/Site_2209527217/images/thumbnails/919830.png","width":128,"height":128,"length":4872,"type":"png"},"folderId":null,"usages":["85634304"]},{"id":"user-image-handsome1.jpeg","publicUrl":"np://user.desktop.nicepage.com/Site_2209527217/images/handsome1.jpeg","size":19109,"hash":"0w8VzWo7uk8b1xtanIuWHCQQ3pU=","fileName":"handsome1.jpeg","name":"handsome1","width":390,"height":259,"thumbnail":{"url":"np://user.desktop.nicepage.com/Site_2209527217/images/thumbnails/handsome1.jpeg","width":250,"height":166},"folderId":null,"usages":["85634304"]},{"id":"user-image-Screenshot2024-08-28131114.png","publicUrl":"np://user.desktop.nicepage.com/Site_2209527217/images/Screenshot2024-08-28131114.png","size":440548,"hash":"jT4lCfcZhIJz02kTTOfTrIw0DJk=","fileName":"Screenshot2024-08-28131114.png","name":"Screenshot2024-08-28131114","width":1886,"height":881,"thumbnail":{"url":"np://user.desktop.nicepage.com/Site_2209527217/images/thumbnails/Screenshot2024-08-28131114.png","width":250,"height":117},"folderId":null,"usages":["1212511515","636414305"]},{"id":"user-image-2554838.png","publicUrl":"np://user.desktop.nicepage.com/Site_2209527217/images/2554838.png","size":2640,"hash":"lAn/lh3R2MxCbFhN1x5+s0ofCto=","fileName":"2554838.png","name":"2554838","width":128,"height":128,"thumbnail":{"url":"np://user.desktop.nicepage.com/Site_2209527217/images/thumbnails/2554838.png","width":128,"height":128,"length":2640,"type":"png"},"folderId":null,"usages":["1212511515"]},{"id":"user-image-22935.png","publicUrl":"np://user.desktop.nicepage.com/Site_2209527217/images/22935.png","size":903,"hash":"xSFMVseDtAuS2AXvx6/lOE2bo78=","fileName":"22935.png","name":"22935","width":128,"height":128,"thumbnail":{"url":"np://user.desktop.nicepage.com/Site_2209527217/images/thumbnails/22935.png","width":128,"height":128,"length":903,"type":"png"},"folderId":null,"usages":["1212511515"]},{"id":"user-image-IMG-20221121-WA0006.jpg","publicUrl":"np://user.desktop.nicepage.com/Site_2209527217/images/IMG-20221121-WA0006.jpg","size":53064,"hash":"g4CyLWvJy+URV9WbbgTBzBBQG+s=","fileName":"IMG-20221121-WA0006.jpg","name":"IMG-20221121-WA0006","width":768,"height":1024,"thumbnail":{"url":"np://user.desktop.nicepage.com/Site_2209527217/images/thumbnails/IMG-20221121-WA0006.jpg","width":188,"height":250},"folderId":null,"usages":["1212511515","98309586"]},{"id":"user-image-kmuplogo.jpg","publicUrl":"np://user.desktop.nicepage.com/Site_2209527217/images/kmuplogo.jpg","size":8349,"hash":"O58LPLKBXBSwn2LJHLUyawbIJjM=","fileName":"kmuplogo.jpg","name":"kmuplogo","width":450,"height":450,"thumbnail":{"url":"np://user.desktop.nicepage.com/Site_2209527217/images/thumbnails/kmuplogo.jpg","width":250,"height":250},"folderId":null,"usages":[]}]