[{"id":"user-image-DSC_6200.JPG","publicUrl":"np://user.desktop.nicepage.com/Site_91708965/images/DSC_6200.JPG","size":863508,"hash":"lSH5zQMFRD6qghEJNlAKjGgvByw=","fileName":"DSC_6200.JPG","name":"DSC_6200","width":4572,"height":6096,"thumbnail":{"url":"np://user.desktop.nicepage.com/Site_91708965/images/thumbnails/DSC_6200.JPG","width":188,"height":250},"folderId":null,"usages":["98309586"]},{"id":"user-image-1509974.png","publicUrl":"np://user.desktop.nicepage.com/Site_91708965/images/1509974.png","size":4166,"hash":"YKR6ZmH2ox9qQmgLEKCMF8GKjxY=","fileName":"1509974.png","name":"1509974","width":128,"height":128,"thumbnail":{"url":"np://user.desktop.nicepage.com/Site_91708965/images/thumbnails/1509974.png","width":128,"height":128,"length":4166,"type":"png"},"folderId":null,"usages":["1212511515"]},{"id":"user-image-DSC_6245.JPG","publicUrl":"np://user.desktop.nicepage.com/Site_91708965/images/DSC_6245.JPG","size":914516,"hash":"Z/XYmyWiSeCTDoFO+RZZAjrXX98=","fileName":"DSC_6245.JPG","name":"DSC_6245","width":4572,"height":6096,"thumbnail":{"url":"np://user.desktop.nicepage.com/Site_91708965/images/thumbnails/DSC_6245.JPG","width":188,"height":250},"folderId":null,"usages":["1212511515"]},{"id":"user-image-615075.png","publicUrl":"np://user.desktop.nicepage.com/Site_91708965/images/615075.png","size":3912,"hash":"K4baZYPDN1tknQRBxAhV0Mj9xQk=","fileName":"615075.png","name":"615075","width":128,"height":128,"thumbnail":{"url":"np://user.desktop.nicepage.com/Site_91708965/images/thumbnails/615075.png","width":128,"height":128,"length":3912,"type":"png"},"folderId":null,"originalUrl":"https://assets.nicepagecdn.com/d2cc3eaa/6317754/images/615075.png","usages":["29058996"]},{"id":"user-image-3059446.png","publicUrl":"np://user.desktop.nicepage.com/Site_91708965/images/3059446.png","size":1979,"hash":"/h49Vr6iVGRkGXXKzVDXxi1mUCE=","fileName":"3059446.png","name":"3059446","width":128,"height":128,"thumbnail":{"url":"np://user.desktop.nicepage.com/Site_91708965/images/thumbnails/3059446.png","width":128,"height":128,"length":1979,"type":"png"},"folderId":null,"originalUrl":"https://assets.nicepagecdn.com/d2cc3eaa/6317754/images/3059446.png","usages":["29058996"]},{"id":"user-image-15864404.png","publicUrl":"np://user.desktop.nicepage.com/Site_91708965/images/15864404.png","size":3945,"hash":"qtN3+DqQ5QYRTgj831sB+5aFhBs=","fileName":"15864404.png","name":"15864404","width":128,"height":128,"thumbnail":{"url":"np://user.desktop.nicepage.com/Site_91708965/images/thumbnails/15864404.png","width":128,"height":128,"length":3945,"type":"png"},"folderId":null,"originalUrl":"https://assets.nicepagecdn.com/d2cc3eaa/6317754/images/15864404.png","usages":["29058996"]},{"id":"user-image-2618479.png","publicUrl":"np://user.desktop.nicepage.com/Site_91708965/images/2618479.png","size":3174,"hash":"y9Wi1kh355d9jbzJ11P4657A/RM=","fileName":"2618479.png","name":"2618479","width":128,"height":128,"thumbnail":{"url":"np://user.desktop.nicepage.com/Site_91708965/images/thumbnails/2618479.png","width":128,"height":128,"length":3174,"type":"png"},"folderId":null,"originalUrl":"https://assets.nicepagecdn.com/d2cc3eaa/6317754/images/2618479.png","usages":["29058996"]},{"id":"user-image-10428527.png","publicUrl":"np://user.desktop.nicepage.com/Site_91708965/images/10428527.png","size":4571,"hash":"LCLqhBzSzJkCm2RCVgAg0/VQh2I=","fileName":"10428527.png","name":"10428527","width":128,"height":128,"thumbnail":{"url":"np://user.desktop.nicepage.com/Site_91708965/images/thumbnails/10428527.png","width":128,"height":128,"length":4571,"type":"png"},"folderId":null,"originalUrl":"https://assets.nicepagecdn.com/d2cc3eaa/6317754/images/10428527.png","usages":["29058996"]},{"id":"user-image-684262.png","publicUrl":"np://user.desktop.nicepage.com/Site_91708965/images/684262.png","size":4112,"hash":"g8DT49S5FTSYcFXUDNArt1UUFkI=","fileName":"684262.png","name":"684262","width":128,"height":128,"thumbnail":{"url":"np://user.desktop.nicepage.com/Site_91708965/images/thumbnails/684262.png","width":128,"height":128,"length":4112,"type":"png"},"folderId":null,"originalUrl":"https://assets.nicepagecdn.com/d2cc3eaa/6317754/images/684262.png","usages":["29058996"]},{"id":"user-image-1692130.png","publicUrl":"np://user.desktop.nicepage.com/Site_91708965/images/1692130.png","size":3404,"hash":"tToVxKKbFupkEUwtTLu7SUNURiU=","fileName":"1692130.png","name":"1692130","width":128,"height":128,"thumbnail":{"url":"np://user.desktop.nicepage.com/Site_91708965/images/thumbnails/1692130.png","width":128,"height":128,"length":3404,"type":"png"},"folderId":null,"originalUrl":"https://assets.nicepagecdn.com/d2cc3eaa/6317754/images/1692130.png","usages":["29058996"]},{"id":"user-image-2106195.png","publicUrl":"np://user.desktop.nicepage.com/Site_91708965/images/2106195.png","size":4046,"hash":"e7nfoupgVimoGfAdY0x10Lso2KM=","fileName":"2106195.png","name":"2106195","width":128,"height":128,"thumbnail":{"url":"np://user.desktop.nicepage.com/Site_91708965/images/thumbnails/2106195.png","width":128,"height":128,"length":4046,"type":"png"},"folderId":null,"originalUrl":"https://assets.nicepagecdn.com/d2cc3eaa/6317754/images/2106195.png","usages":["29058996"]},{"id":"user-image-31.jpg","publicUrl":"np://user.desktop.nicepage.com/Site_91708965/images/31.jpg","size":23143,"hash":"YBMqHf6uNW4uuG+qKhra+Uy/j4A=","fileName":"31.jpg","name":"31","width":294,"height":294,"thumbnail":{"url":"np://user.desktop.nicepage.com/Site_91708965/images/thumbnails/31.jpg","width":250,"height":250},"folderId":null,"originalUrl":"//images01.nicepagecdn.com/c461c07a441a5d220e8feb1a/76ec3023995452a9a5a9dff0/3.jpg","usages":["29058996"]},{"id":"user-image-b5f9e7f9-f0cf-42fb-96c9-3156bc7d64a2.jpg","publicUrl":"np://user.desktop.nicepage.com/Site_91708965/images/b5f9e7f9-f0cf-42fb-96c9-3156bc7d64a2.jpg","size":84443,"hash":"9qCMKxe0eiyttBEaJv2kv/wmq34=","fileName":"b5f9e7f9-f0cf-42fb-96c9-3156bc7d64a2.jpg","name":"b5f9e7f9-f0cf-42fb-96c9-3156bc7d64a2","width":598,"height":598,"thumbnail":{"url":"np://user.desktop.nicepage.com/Site_91708965/images/thumbnails/b5f9e7f9-f0cf-42fb-96c9-3156bc7d64a2.jpg","width":250,"height":250},"folderId":null,"originalUrl":"//images01.nicepagecdn.com/c461c07a441a5d220e8feb1a/39261fbbefa65d409eb3d909/b5f9e7f9-f0cf-42fb-96c9-3156bc7d64a2.jpg","usages":["29058996"]},{"id":"user-image-2756716.png","publicUrl":"np://user.desktop.nicepage.com/Site_91708965/images/2756716.png","size":4813,"hash":"Q5QLBiIhaZovfDAYvF/MyyMwrAY=","fileName":"2756716.png","name":"2756716","width":128,"height":128,"thumbnail":{"url":"np://user.desktop.nicepage.com/Site_91708965/images/thumbnails/2756716.png","width":128,"height":128,"length":4813,"type":"png"},"folderId":null,"originalUrl":"https://assets.nicepagecdn.com/d2cc3eaa/6317754/images/2756716.png","usages":["29058996"]},{"id":"user-image-6.png","publicUrl":"np://user.desktop.nicepage.com/Site_91708965/images/6.png","size":17774,"hash":"sHEgU2czNHcWvH3SwnUYqRiAHqY=","fileName":"6.png","name":"6","width":130,"height":67,"thumbnail":{"url":"np://user.desktop.nicepage.com/Site_91708965/images/thumbnails/6.png","width":130,"height":67,"length":17774,"type":"png"},"folderId":null,"originalUrl":"//images02.nicepagecdn.com/a1389d7bc73adea1e1c1fb7e/8cf263ed39d95b719e7321a1/6.png","usages":["29058996"]},{"id":"user-image-2.png","publicUrl":"np://user.desktop.nicepage.com/Site_91708965/images/2.png","size":17851,"hash":"g6YtfuG4KLUKkomcFCj88fxbscA=","fileName":"2.png","name":"2","width":81,"height":84,"thumbnail":{"url":"np://user.desktop.nicepage.com/Site_91708965/images/thumbnails/2.png","width":81,"height":84,"length":17851,"type":"png"},"folderId":null,"originalUrl":"//images02.nicepagecdn.com/a1389d7bc73adea1e1c1fb7e/f152870f5c9d5ab28268fb89/2.png","usages":["29058996"]},{"id":"user-image-3.png","publicUrl":"np://user.desktop.nicepage.com/Site_91708965/images/3.png","size":19583,"hash":"iHDA2zrOfBUf5ZsHt9SFYDZCqUw=","fileName":"3.png","name":"3","width":128,"height":80,"thumbnail":{"url":"np://user.desktop.nicepage.com/Site_91708965/images/thumbnails/3.png","width":128,"height":80,"length":19583,"type":"png"},"folderId":null,"originalUrl":"//images02.nicepagecdn.com/a1389d7bc73adea1e1c1fb7e/303f208dbbed58b0ad91b352/3.png","usages":["29058996"]},{"id":"user-image-4.png","publicUrl":"np://user.desktop.nicepage.com/Site_91708965/images/4.png","size":20283,"hash":"iamo+iEepZnLe1dEXc4qa4TYr9s=","fileName":"4.png","name":"4","width":127,"height":57,"thumbnail":{"url":"np://user.desktop.nicepage.com/Site_91708965/images/thumbnails/4.png","width":127,"height":57,"length":20283,"type":"png"},"folderId":null,"originalUrl":"//images02.nicepagecdn.com/a1389d7bc73adea1e1c1fb7e/edcb21a5c3ce51d686ceb941/4.png","usages":["29058996"]},{"id":"user-image-fggf.jpg","publicUrl":"np://user.desktop.nicepage.com/Site_91708965/images/fggf.jpg","size":29555,"hash":"Kj7SsWxeOq6xR4/4zIDY8gk5yEk=","fileName":"fggf.jpg","name":"fggf","width":404,"height":404,"thumbnail":{"url":"np://user.desktop.nicepage.com/Site_91708965/images/thumbnails/fggf.jpg","width":250,"height":250},"folderId":null,"originalUrl":"//images01.nicepagecdn.com/c461c07a441a5d220e8feb1a/47d488474b1750ad8f9a684f/fggf.jpg","usages":["29058996"]},{"id":"user-image-3.jpg","publicUrl":"np://user.desktop.nicepage.com/Site_91708965/images/3.jpg","size":28865,"hash":"jaHDhgIF3yduaufa4dpqkKnlI34=","fileName":"3.jpg","name":"3","width":398,"height":421,"thumbnail":{"url":"np://user.desktop.nicepage.com/Site_91708965/images/thumbnails/3.jpg","width":236,"height":250},"folderId":null,"originalUrl":"https://assets.nicepagecdn.com/d2cc3eaa/6317754/images/3.jpg","usages":["29058996"]},{"id":"user-image-5.png","publicUrl":"np://user.desktop.nicepage.com/Site_91708965/images/5.png","size":19829,"hash":"xHDujjhxK6r2HTWMqW36DWZ1/18=","fileName":"5.png","name":"5","width":88,"height":84,"thumbnail":{"url":"np://user.desktop.nicepage.com/Site_91708965/images/thumbnails/5.png","width":88,"height":84,"length":19829,"type":"png"},"folderId":null,"originalUrl":"//images02.nicepagecdn.com/a1389d7bc73adea1e1c1fb7e/b26eaa96084b5d63a1b8d98d/5.png","usages":["29058996"]},{"id":"user-image-diverse-people-refugee-camps-5.jpg","publicUrl":"np://user.desktop.nicepage.com/Site_91708965/images/diverse-people-refugee-camps-5.jpg","size":1085474,"hash":"p7Gk5HgWS5tUKcx6KEUZn4kFBvM=","fileName":"diverse-people-refugee-camps-5.jpg","name":"diverse-people-refugee-camps-5","width":1980,"height":1110,"thumbnail":{"url":"np://user.desktop.nicepage.com/Site_91708965/images/thumbnails/diverse-people-refugee-camps-5.jpg","width":250,"height":140},"folderId":null,"originalUrl":"https://assets.nicepagecdn.com/d2cc3eaa/6317754/images/diverse-people-refugee-camps-5.jpg","usages":["29058996"]},{"id":"user-image-Untitled-6.jpg","publicUrl":"np://user.desktop.nicepage.com/Site_91708965/images/Untitled-6.jpg","size":135411,"hash":"GfDXRPA9N7yiVf4YQo+tNPMaNwY=","fileName":"Untitled-6.jpg","name":"Untitled-6","width":700,"height":700,"thumbnail":{"url":"np://user.desktop.nicepage.com/Site_91708965/images/thumbnails/Untitled-6.jpg","width":250,"height":250},"folderId":null,"originalUrl":"https://assets.nicepagecdn.com/d2cc3eaa/6317754/images/Untitled-6.jpg","usages":["29058996"]},{"id":"user-image-Untitled-5.jpg","publicUrl":"np://user.desktop.nicepage.com/Site_91708965/images/Untitled-5.jpg","size":89771,"hash":"y4170ZUKZCdlBWAGs5KUqh2aMjY=","fileName":"Untitled-5.jpg","name":"Untitled-5","width":700,"height":693,"thumbnail":{"url":"np://user.desktop.nicepage.com/Site_91708965/images/thumbnails/Untitled-5.jpg","width":250,"height":248},"folderId":null,"originalUrl":"https://assets.nicepagecdn.com/d2cc3eaa/6317754/images/Untitled-5.jpg","usages":["29058996"]},{"id":"user-image-close-up-kids-looking-smartphone.jpg","publicUrl":"np://user.desktop.nicepage.com/Site_91708965/images/close-up-kids-looking-smartphone.jpg","size":165688,"hash":"XwstSBLQfHAyHKi6Y3Ce3OqggTs=","fileName":"close-up-kids-looking-smartphone.jpg","name":"close-up-kids-looking-smartphone","width":1380,"height":920,"thumbnail":{"url":"np://user.desktop.nicepage.com/Site_91708965/images/thumbnails/close-up-kids-looking-smartphone.jpg","width":250,"height":167},"folderId":null,"originalUrl":"https://assets.nicepagecdn.com/d2cc3eaa/6317754/images/close-up-kids-looking-smartphone.jpg","usages":["29058996"]},{"id":"user-image-african-children-enjoying-life_2.jpg","publicUrl":"np://user.desktop.nicepage.com/Site_91708965/images/african-children-enjoying-life_2.jpg","size":271132,"hash":"YjU+PN3zGLAkMwplkQF3ZDdHT6E=","fileName":"african-children-enjoying-life_2.jpg","name":"african-children-enjoying-life_2","width":1380,"height":920,"thumbnail":{"url":"np://user.desktop.nicepage.com/Site_91708965/images/thumbnails/african-children-enjoying-life_2.jpg","width":250,"height":167},"folderId":null,"originalUrl":"https://assets.nicepagecdn.com/d2cc3eaa/6317754/images/african-children-enjoying-life_2.jpg","usages":["29058996"]},{"id":"user-image-cute-black-baby-home-with-parent.jpg","publicUrl":"np://user.desktop.nicepage.com/Site_91708965/images/cute-black-baby-home-with-parent.jpg","size":196593,"hash":"UFKM+4krQDCaIeQrNpnQ2Iet9rU=","fileName":"cute-black-baby-home-with-parent.jpg","name":"cute-black-baby-home-with-parent","width":1380,"height":920,"thumbnail":{"url":"np://user.desktop.nicepage.com/Site_91708965/images/thumbnails/cute-black-baby-home-with-parent.jpg","width":250,"height":167},"folderId":null,"originalUrl":"https://assets.nicepagecdn.com/d2cc3eaa/6317754/images/cute-black-baby-home-with-parent.jpg","usages":["29058996"]},{"id":"user-image-close-up-community-solidarity-co.jpg","publicUrl":"np://user.desktop.nicepage.com/Site_91708965/images/close-up-community-solidarity-co.jpg","size":162675,"hash":"8o9ZAFJvguX1sLY/O9/HV5WjLG4=","fileName":"close-up-community-solidarity-co.jpg","name":"close-up-community-solidarity-co","width":740,"height":1110,"thumbnail":{"url":"np://user.desktop.nicepage.com/Site_91708965/images/thumbnails/close-up-community-solidarity-co.jpg","width":167,"height":250},"folderId":null,"originalUrl":"https://assets.nicepagecdn.com/d2cc3eaa/6317754/images/close-up-community-solidarity-co.jpg","usages":["29058996"]},{"id":"user-image-african-children-enjoying-life_21.jpg","publicUrl":"np://user.desktop.nicepage.com/Site_91708965/images/african-children-enjoying-life_21.jpg","size":174947,"hash":"O2IbNUJvpGvQAu2FGl9r4vZ6wuE=","fileName":"african-children-enjoying-life_21.jpg","name":"african-children-enjoying-life_21","width":740,"height":983,"thumbnail":{"url":"np://user.desktop.nicepage.com/Site_91708965/images/thumbnails/african-children-enjoying-life_21.jpg","width":188,"height":250},"folderId":null,"originalUrl":"https://assets.nicepagecdn.com/d2cc3eaa/6317754/images/african-children-enjoying-life_21.jpg","usages":["29058996"]},{"id":"user-image-african-woman-teaching-kids-clas.jpg","publicUrl":"np://user.desktop.nicepage.com/Site_91708965/images/african-woman-teaching-kids-clas.jpg","size":245814,"hash":"1XDI59+blRdTAQkuoQ0t2PsLxGI=","fileName":"african-woman-teaching-kids-clas.jpg","name":"african-woman-teaching-kids-clas","width":1380,"height":1104,"thumbnail":{"url":"np://user.desktop.nicepage.com/Site_91708965/images/thumbnails/african-woman-teaching-kids-clas.jpg","width":250,"height":200},"folderId":null,"originalUrl":"https://assets.nicepagecdn.com/d2cc3eaa/6317754/images/african-woman-teaching-kids-clas.jpg","usages":["29058996"]},{"id":"user-image-front-view-smiley-woman-wearing.jpg","publicUrl":"np://user.desktop.nicepage.com/Site_91708965/images/front-view-smiley-woman-wearing.jpg","size":231506,"hash":"PKqB4G0ERK/MgPJZRMf5Z/2O3i0=","fileName":"front-view-smiley-woman-wearing.jpg","name":"front-view-smiley-woman-wearing","width":1380,"height":920,"thumbnail":{"url":"np://user.desktop.nicepage.com/Site_91708965/images/thumbnails/front-view-smiley-woman-wearing.jpg","width":250,"height":167},"folderId":null,"originalUrl":"https://assets.nicepagecdn.com/d2cc3eaa/6317754/images/front-view-smiley-woman-wearing.jpg","usages":["29058996"]},{"id":"user-image-african-woman-pouring-water-reci.jpg","publicUrl":"np://user.desktop.nicepage.com/Site_91708965/images/african-woman-pouring-water-reci.jpg","size":183297,"hash":"Gf5E6g9+uxIz7qkOp5Z9WcxGOYI=","fileName":"african-woman-pouring-water-reci.jpg","name":"african-woman-pouring-water-reci","width":1380,"height":920,"thumbnail":{"url":"np://user.desktop.nicepage.com/Site_91708965/images/thumbnails/african-woman-pouring-water-reci.jpg","width":250,"height":167},"folderId":null,"originalUrl":"https://assets.nicepagecdn.com/d2cc3eaa/6317754/images/african-woman-pouring-water-reci.jpg","usages":["29058996"]},{"id":"user-image-african-kid-enjoying-life_23-2153.jpg","publicUrl":"np://user.desktop.nicepage.com/Site_91708965/images/african-kid-enjoying-life_23-2153.jpg","size":167459,"hash":"PQVoOISh5iSti0v+NToS5erPnPI=","fileName":"african-kid-enjoying-life_23-2153.jpg","name":"african-kid-enjoying-life_23-2153","width":1380,"height":920,"thumbnail":{"url":"np://user.desktop.nicepage.com/Site_91708965/images/thumbnails/african-kid-enjoying-life_23-2153.jpg","width":250,"height":167},"folderId":null,"originalUrl":"https://assets.nicepagecdn.com/d2cc3eaa/6317754/images/african-kid-enjoying-life_23-2153.jpg","usages":["29058996"]},{"id":"user-image-group-african-kids-standing-each.jpg","publicUrl":"np://user.desktop.nicepage.com/Site_91708965/images/group-african-kids-standing-each.jpg","size":207892,"hash":"xULB/BB2UVqKC7xqDM053gkC5Go=","fileName":"group-african-kids-standing-each.jpg","name":"group-african-kids-standing-each","width":1380,"height":920,"thumbnail":{"url":"np://user.desktop.nicepage.com/Site_91708965/images/thumbnails/group-african-kids-standing-each.jpg","width":250,"height":167},"folderId":null,"originalUrl":"https://assets.nicepagecdn.com/d2cc3eaa/6317754/images/group-african-kids-standing-each.jpg","usages":["29058996"]},{"id":"user-image-farmer-taking-care-photorealistic-goat-farm8.jpg","publicUrl":"np://user.desktop.nicepage.com/Site_91708965/images/farmer-taking-care-photorealistic-goat-farm8.jpg","size":553721,"hash":"aQT3LCBRU7cpjEbZTkZbR9Qv/bM=","fileName":"farmer-taking-care-photorealistic-goat-farm8.jpg","name":"farmer-taking-care-photorealistic-goat-farm8","width":2212,"height":1000,"thumbnail":{"url":"np://user.desktop.nicepage.com/Site_91708965/images/thumbnails/farmer-taking-care-photorealistic-goat-farm8.jpg","width":250,"height":113},"folderId":null,"originalUrl":"https://assets.nicepagecdn.com/d2cc3eaa/6317754/images/farmer-taking-care-photorealistic-goat-farm8.jpg","usages":["29058996"]},{"id":"user-image-african-kid-enjoying-life6-min.jpg","publicUrl":"np://user.desktop.nicepage.com/Site_91708965/images/african-kid-enjoying-life6-min.jpg","size":234236,"hash":"Bjmu32dJt70PQMqdVWyA5MFg2/g=","fileName":"african-kid-enjoying-life6-min.jpg","name":"african-kid-enjoying-life6-min","width":1980,"height":1320,"thumbnail":{"url":"np://user.desktop.nicepage.com/Site_91708965/images/thumbnails/african-kid-enjoying-life6-min.jpg","width":250,"height":167},"folderId":null,"originalUrl":"https://assets.nicepagecdn.com/d2cc3eaa/6317754/images/african-kid-enjoying-life6-min.jpg","usages":["29058996"]},{"id":"user-image-full-shot-smiley-boy-working-out.jpg","publicUrl":"np://user.desktop.nicepage.com/Site_91708965/images/full-shot-smiley-boy-working-out.jpg","size":149936,"hash":"5ycJKDS+SPdBCfnWgQzsVyeSu7k=","fileName":"full-shot-smiley-boy-working-out.jpg","name":"full-shot-smiley-boy-working-out","width":740,"height":1043,"thumbnail":{"url":"np://user.desktop.nicepage.com/Site_91708965/images/thumbnails/full-shot-smiley-boy-working-out.jpg","width":177,"height":250},"folderId":null,"originalUrl":"https://assets.nicepagecdn.com/d2cc3eaa/6317754/images/full-shot-smiley-boy-working-out.jpg","usages":["29058996"]},{"id":"user-image-10398394.png","publicUrl":"np://user.desktop.nicepage.com/Site_91708965/images/10398394.png","size":6937,"hash":"AzFqX2do6pu/rdqhtZQ34z6o7Tc=","fileName":"10398394.png","name":"10398394","width":128,"height":128,"thumbnail":{"url":"np://user.desktop.nicepage.com/Site_91708965/images/thumbnails/10398394.png","width":128,"height":128,"length":6937,"type":"png"},"usages":[]},{"id":"user-image-13191289.png","publicUrl":"np://user.desktop.nicepage.com/Site_91708965/images/13191289.png","size":4175,"hash":"H8GZ2w1u5dhgnjn9SmJbwJiRBCY=","fileName":"13191289.png","name":"13191289","width":128,"height":128,"thumbnail":{"url":"np://user.desktop.nicepage.com/Site_91708965/images/thumbnails/13191289.png","width":128,"height":128,"length":4175,"type":"png"},"usages":["1212511515"]},{"id":"user-image-22935.png","publicUrl":"np://user.desktop.nicepage.com/Site_91708965/images/22935.png","size":903,"hash":"xSFMVseDtAuS2AXvx6/lOE2bo78=","fileName":"22935.png","name":"22935","width":128,"height":128,"thumbnail":{"url":"np://user.desktop.nicepage.com/Site_91708965/images/thumbnails/22935.png","width":128,"height":128,"length":903,"type":"png"},"usages":["1212511515"]},{"id":"user-image-2554838.png","publicUrl":"np://user.desktop.nicepage.com/Site_91708965/images/2554838.png","size":2640,"hash":"lAn/lh3R2MxCbFhN1x5+s0ofCto=","fileName":"2554838.png","name":"2554838","width":128,"height":128,"thumbnail":{"url":"np://user.desktop.nicepage.com/Site_91708965/images/thumbnails/2554838.png","width":128,"height":128,"length":2640,"type":"png"},"usages":["1212511515"]},{"id":"user-image-3767233.png","publicUrl":"np://user.desktop.nicepage.com/Site_91708965/images/3767233.png","size":8175,"hash":"gSei25FHH4MRdEyS08txmRIbBRo=","fileName":"3767233.png","name":"3767233","width":128,"height":128,"thumbnail":{"url":"np://user.desktop.nicepage.com/Site_91708965/images/thumbnails/3767233.png","width":128,"height":128,"length":8175,"type":"png"},"usages":["98309586"]},{"id":"user-image-552486.png","publicUrl":"np://user.desktop.nicepage.com/Site_91708965/images/552486.png","size":5618,"hash":"hayG9vFnUYsbSSomVDWNp0zq2hU=","fileName":"552486.png","name":"552486","width":128,"height":128,"thumbnail":{"url":"np://user.desktop.nicepage.com/Site_91708965/images/thumbnails/552486.png","width":128,"height":128,"length":5618,"type":"png"},"usages":["1212511515"]},{"id":"user-image-919830.png","publicUrl":"np://user.desktop.nicepage.com/Site_91708965/images/919830.png","size":4872,"hash":"pfA/xv50GlDxVCkhoumy2nT19A4=","fileName":"919830.png","name":"919830","width":128,"height":128,"thumbnail":{"url":"np://user.desktop.nicepage.com/Site_91708965/images/thumbnails/919830.png","width":128,"height":128,"length":4872,"type":"png"},"usages":[]},{"id":"user-image-919836.png","publicUrl":"np://user.desktop.nicepage.com/Site_91708965/images/919836.png","size":7687,"hash":"kBg3aQ3Ks2lLMRmuO56sEwXCUus=","fileName":"919836.png","name":"919836","width":128,"height":128,"thumbnail":{"url":"np://user.desktop.nicepage.com/Site_91708965/images/thumbnails/919836.png","width":128,"height":128,"length":7687,"type":"png"},"usages":["1212511515"]},{"id":"user-image-919854.png","publicUrl":"np://user.desktop.nicepage.com/Site_91708965/images/919854.png","size":7939,"hash":"D5C9DcB23wJfjuqpqcJA+G5jFtY=","fileName":"919854.png","name":"919854","width":128,"height":128,"thumbnail":{"url":"np://user.desktop.nicepage.com/Site_91708965/images/thumbnails/919854.png","width":128,"height":128,"length":7939,"type":"png"},"usages":["1212511515"]},{"id":"user-image-Screenshot2024-08-281258541.png","publicUrl":"np://user.desktop.nicepage.com/Site_91708965/images/Screenshot2024-08-281258541.png","size":890582,"hash":"poZDltt5X2FKy7+hMqWu51F1xr4=","fileName":"Screenshot2024-08-281258541.png","name":"Screenshot2024-08-281258541","width":1895,"height":912,"thumbnail":{"url":"np://user.desktop.nicepage.com/Site_91708965/images/thumbnails/Screenshot2024-08-281258541.png","width":250,"height":120},"usages":["1212511515","636414305"]},{"id":"user-image-Screenshot2024-08-281303461.png","publicUrl":"np://user.desktop.nicepage.com/Site_91708965/images/Screenshot2024-08-281303461.png","size":1135016,"hash":"sNyP4M+SfPd96K8NojDnvOOIXQk=","fileName":"Screenshot2024-08-281303461.png","name":"Screenshot2024-08-281303461","width":1895,"height":908,"thumbnail":{"url":"np://user.desktop.nicepage.com/Site_91708965/images/thumbnails/Screenshot2024-08-281303461.png","width":250,"height":120},"usages":["1212511515","636414305"]},{"id":"user-image-Screenshot2024-08-281308141.png","publicUrl":"np://user.desktop.nicepage.com/Site_91708965/images/Screenshot2024-08-281308141.png","size":2357870,"hash":"fmaLxjv9SxOp/SACt5sh2413BOM=","fileName":"Screenshot2024-08-281308141.png","name":"Screenshot2024-08-281308141","width":1736,"height":849,"thumbnail":{"url":"np://user.desktop.nicepage.com/Site_91708965/images/thumbnails/Screenshot2024-08-281308141.png","width":250,"height":122},"usages":["1212511515","636414305"]},{"id":"user-image-Screenshot2024-08-28131114.png","publicUrl":"np://user.desktop.nicepage.com/Site_91708965/images/Screenshot2024-08-28131114.png","size":440548,"hash":"jT4lCfcZhIJz02kTTOfTrIw0DJk=","fileName":"Screenshot2024-08-28131114.png","name":"Screenshot2024-08-28131114","width":1886,"height":881,"thumbnail":{"url":"np://user.desktop.nicepage.com/Site_91708965/images/thumbnails/Screenshot2024-08-28131114.png","width":250,"height":117},"usages":["1212511515","636414305"]},{"id":"user-image-Screenshot2024-08-30130747.png","publicUrl":"np://user.desktop.nicepage.com/Site_91708965/images/Screenshot2024-08-30130747.png","size":172200,"hash":"MmU/fsxxlQbS0TQ0FaDoaPJbSGE=","fileName":"Screenshot2024-08-30130747.png","name":"Screenshot2024-08-30130747","width":407,"height":778,"thumbnail":{"url":"np://user.desktop.nicepage.com/Site_91708965/images/thumbnails/Screenshot2024-08-30130747.png","width":131,"height":250},"usages":["1212511515","636414305"]},{"id":"user-image-canvalogo.jpg","publicUrl":"np://user.desktop.nicepage.com/Site_91708965/images/canvalogo.jpg","size":7067,"hash":"sDy+FhibV9PWPTkPMLQMr+u5/AE=","fileName":"canvalogo.jpg","name":"canvalogo","width":225,"height":224,"thumbnail":{"url":"np://user.desktop.nicepage.com/Site_91708965/images/thumbnails/canvalogo.jpg","width":225,"height":224,"length":7067,"type":"jpg"},"usages":["1212511515"]},{"id":"user-image-handsome1.jpeg","publicUrl":"np://user.desktop.nicepage.com/Site_91708965/images/handsome1.jpeg","size":19109,"hash":"0w8VzWo7uk8b1xtanIuWHCQQ3pU=","fileName":"handsome1.jpeg","name":"handsome1","width":390,"height":259,"thumbnail":{"url":"np://user.desktop.nicepage.com/Site_91708965/images/thumbnails/handsome1.jpeg","width":250,"height":166},"usages":[]},{"id":"user-image-kmuplogo.jpg","publicUrl":"np://user.desktop.nicepage.com/Site_91708965/images/kmuplogo.jpg","size":8349,"hash":"O58LPLKBXBSwn2LJHLUyawbIJjM=","fileName":"kmuplogo.jpg","name":"kmuplogo","width":450,"height":450,"thumbnail":{"url":"np://user.desktop.nicepage.com/Site_91708965/images/thumbnails/kmuplogo.jpg","width":250,"height":250},"usages":[]},{"id":"user-image-htmlcss.jpg","publicUrl":"np://user.desktop.nicepage.com/Site_91708965/images/htmlcss.jpg","size":10078,"hash":"yWxgdEp5eN2rPkpxT35HXnEr8qk=","fileName":"htmlcss.jpg","name":"htmlcss","width":220,"height":230,"thumbnail":{"url":"np://user.desktop.nicepage.com/Site_91708965/images/thumbnails/htmlcss.jpg","width":220,"height":230,"length":10078,"type":"jpg"},"usages":["1212511515"]},{"id":"user-image-portfolio-02-free-img.jpg","publicUrl":"np://user.desktop.nicepage.com/Site_91708965/images/portfolio-02-free-img.jpg","size":51334,"hash":"SWewIhx01MWY4ne8l0PoOx5aZ6E=","fileName":"portfolio-02-free-img.jpg","name":"portfolio-02-free-img","width":370,"height":389,"thumbnail":{"url":"np://user.desktop.nicepage.com/Site_91708965/images/thumbnails/portfolio-02-free-img.jpg","width":238,"height":250},"usages":["636414305"]}]