[{"id":90263660,"title":"Blog Template","order":1,"templateKey":"blog","customTemplate":false,"customTemplateFilename":null,"pageLinks":[],"dateCreated":"2024-08-28T06:45:56.547Z","dateUpdated":"2024-08-28T06:45:57.694Z","folderId":null,"pageName":"Blog Template","serverPageId":null,"sectionCount":1,"status":2,"backwardUrl":null},{"id":2111409673,"title":"Post Template","order":2,"templateKey":"post","customTemplate":false,"customTemplateFilename":null,"pageLinks":[],"dateCreated":"2024-08-28T06:45:56.661Z","dateUpdated":"2024-08-28T06:45:57.695Z","folderId":null,"pageName":"Post Template","serverPageId":null,"sectionCount":1,"status":2,"backwardUrl":null},{"id":478506858,"title":"Product List Template","order":3,"templateKey":"products","customTemplate":false,"customTemplateFilename":null,"pageLinks":[],"dateCreated":"2024-08-28T06:45:56.765Z","dateUpdated":"2024-08-28T06:45:57.695Z","folderId":null,"pageName":"Product List Template","serverPageId":null,"sectionCount":1,"status":2,"backwardUrl":null},{"id":40965627,"title":"Product Details Template","order":4,"templateKey":"product","customTemplate":false,"customTemplateFilename":null,"pageLinks":[],"dateCreated":"2024-08-28T06:45:56.877Z","dateUpdated":"2024-08-28T06:45:57.695Z","folderId":null,"pageName":"Product Details Template","serverPageId":null,"sectionCount":1,"status":2,"backwardUrl":null},{"id":41769028,"title":"Shopping Cart Template","order":5,"templateKey":"cart","customTemplate":false,"customTemplateFilename":null,"pageLinks":[],"dateCreated":"2024-08-28T06:45:56.969Z","dateUpdated":"2024-08-28T06:45:57.695Z","folderId":null,"pageName":"Shopping Cart Template","serverPageId":null,"sectionCount":1,"status":2,"backwardUrl":null},{"id":682623925,"title":"Checkout Template","order":6,"templateKey":"checkout","customTemplate":false,"customTemplateFilename":null,"pageLinks":[],"dateCreated":"2024-08-28T06:45:57.094Z","dateUpdated":"2024-08-28T06:45:57.695Z","folderId":null,"pageName":"Checkout Template","serverPageId":null,"sectionCount":1,"status":2,"backwardUrl":null},{"id":20531570,"title":"Login Template","order":7,"templateKey":"login","customTemplate":false,"customTemplateFilename":null,"pageLinks":[],"dateCreated":"2024-08-28T06:45:57.175Z","dateUpdated":"2024-08-28T06:45:57.695Z","folderId":null,"pageName":"Login Template","serverPageId":null,"sectionCount":1,"status":2,"backwardUrl":null},{"id":36433845,"title":"Page Password Template","order":8,"templateKey":"password","customTemplate":false,"customTemplateFilename":null,"pageLinks":[],"dateCreated":"2024-08-28T06:45:57.234Z","dateUpdated":"2024-08-28T06:45:57.695Z","folderId":null,"pageName":"Page Password Template","serverPageId":null,"sectionCount":1,"status":2,"backwardUrl":null},{"id":6859041,"title":"404 Not Found Template","order":9,"templateKey":"404","customTemplate":false,"customTemplateFilename":null,"pageLinks":[],"dateCreated":"2024-08-28T06:45:57.286Z","dateUpdated":"2024-08-28T06:45:57.695Z","folderId":null,"pageName":"404 Not Found Template","serverPageId":null,"sectionCount":1,"status":2,"backwardUrl":null},{"id":202800818,"title":"Thank You Page Template","order":10,"templateKey":"ThankYou","customTemplate":false,"customTemplateFilename":null,"pageLinks":[],"dateCreated":"2024-08-28T06:45:57.334Z","dateUpdated":"2024-08-28T06:45:57.696Z","folderId":null,"pageName":"Thank You Page Template","serverPageId":null,"sectionCount":1,"status":2,"backwardUrl":null},{"id":85634304,"title":"About","order":100,"templateKey":null,"customTemplate":false,"customTemplateFilename":null,"pageLinks":["1212511515","85634304","636414305","9997141","98309586"],"dateCreated":"2024-08-28T06:45:57.371Z","dateUpdated":"2024-08-30T09:50:41.884Z","folderId":null,"pageName":"About_85634304","serverPageId":null,"sectionCount":3,"status":2,"backwardUrl":null},{"id":636414305,"title":"Portfolio","order":102,"templateKey":null,"customTemplate":false,"customTemplateFilename":null,"pageLinks":["1212511515","85634304","636414305","9997141","98309586"],"dateCreated":"2024-08-28T07:22:11.914Z","dateUpdated":"2024-08-30T11:12:19.513Z","folderId":null,"pageName":"Portfolio_636414305","serverPageId":null,"sectionCount":1,"status":2,"backwardUrl":null},{"id":9997141,"title":"Services","order":103,"templateKey":null,"customTemplate":false,"customTemplateFilename":null,"pageLinks":["1212511515","85634304","636414305","9997141","98309586"],"dateCreated":"2024-08-28T07:23:48.030Z","dateUpdated":"2024-08-30T09:32:24.937Z","folderId":null,"pageName":"Services_9997141","serverPageId":null,"sectionCount":1,"status":2,"backwardUrl":null},{"id":1212511515,"title":"Homee","order":104,"templateKey":null,"customTemplate":false,"customTemplateFilename":null,"pageLinks":["1212511515","85634304","636414305","9997141","98309586"],"dateCreated":"2024-08-28T07:31:25.158Z","dateUpdated":"2024-08-30T12:25:44.216Z","folderId":null,"pageName":"Homee_1212511515","serverPageId":null,"sectionCount":6,"status":2,"backwardUrl":null},{"id":98309586,"title":"contactreal","order":105,"templateKey":null,"customTemplate":false,"customTemplateFilename":null,"pageLinks":["1212511515","85634304","636414305","9997141","98309586"],"dateCreated":"2024-08-29T09:48:20.540Z","dateUpdated":"2024-08-30T10:09:58.082Z","folderId":null,"pageName":"contactreal_98309586","serverPageId":null,"sectionCount":1,"status":2,"backwardUrl":null}]